{"errors":[],"warnings":[],"namedChunkGroups":{"app":{"chunks":[6,0,2],"assets":["webpack-runtime-8fd72ba38c947574a79a.js","webpack-runtime-8fd72ba38c947574a79a.js.map","commons-26d1ea10f325df97bcb0.js","commons-26d1ea10f325df97bcb0.js.map","app-abaa2c7b960a9c7a78a6.js","app-abaa2c7b960a9c7a78a6.js.map"],"children":{},"childAssets":{}},"component---src-pages-404-js":{"chunks":[1,0,3],"assets":["styles.27cc9ecbf5b547c02fd9.css","styles-f205ab446347ea2b754e.js","styles-f205ab446347ea2b754e.js.map","commons-26d1ea10f325df97bcb0.js","commons-26d1ea10f325df97bcb0.js.map","component---src-pages-404-js-0290f163286959b63491.js","component---src-pages-404-js-0290f163286959b63491.js.map"],"children":{},"childAssets":{}},"component---src-pages-index-js":{"chunks":[1,4],"assets":["styles.27cc9ecbf5b547c02fd9.css","styles-f205ab446347ea2b754e.js","styles-f205ab446347ea2b754e.js.map","component---src-pages-index-js-a3f25310fc6a6268890e.js","component---src-pages-index-js-a3f25310fc6a6268890e.js.map"],"children":{},"childAssets":{}},"component---src-pages-page-2-js":{"chunks":[1,0,5],"assets":["styles.27cc9ecbf5b547c02fd9.css","styles-f205ab446347ea2b754e.js","styles-f205ab446347ea2b754e.js.map","commons-26d1ea10f325df97bcb0.js","commons-26d1ea10f325df97bcb0.js.map","component---src-pages-page-2-js-c533758acaabdefda86a.js","component---src-pages-page-2-js-c533758acaabdefda86a.js.map"],"children":{},"childAssets":{}}},"assetsByChunkName":{"app":["webpack-runtime-8fd72ba38c947574a79a.js","commons-26d1ea10f325df97bcb0.js","app-abaa2c7b960a9c7a78a6.js"],"component---src-pages-404-js":["styles.27cc9ecbf5b547c02fd9.css","styles-f205ab446347ea2b754e.js","commons-26d1ea10f325df97bcb0.js","component---src-pages-404-js-0290f163286959b63491.js"],"component---src-pages-index-js":["styles.27cc9ecbf5b547c02fd9.css","styles-f205ab446347ea2b754e.js","component---src-pages-index-js-a3f25310fc6a6268890e.js"],"component---src-pages-page-2-js":["styles.27cc9ecbf5b547c02fd9.css","styles-f205ab446347ea2b754e.js","commons-26d1ea10f325df97bcb0.js","component---src-pages-page-2-js-c533758acaabdefda86a.js"]}}